,PublicIp,Domain,ResponseMetadata.RequestId,ResponseMetadata.HTTPStatusCode,ResponseMetadata.HTTPHeaders.content-type,ResponseMetadata.HTTPHeaders.content-length,ResponseMetadata.HTTPHeaders.connection,ResponseMetadata.HTTPHeaders.access-control-allow-origin,ResponseMetadata.HTTPHeaders.access-control-allow-methods,ResponseMetadata.HTTPHeaders.access-control-allow-headers,ResponseMetadata.HTTPHeaders.access-control-expose-headers,ResponseMetadata.HTTPHeaders.date,ResponseMetadata.HTTPHeaders.server,ResponseMetadata.RetryAttempts
0,127.217.69.141,standard,83A12LD1Z7M4K4LLACVK0OI0YKE26R7FFJZA3P4NNQ7UAIJHL8UK,200,text/xml,273,close,*,"HEAD,GET,PUT,POST,DELETE,OPTIONS,PATCH","authorization,cache-control,content-length,content-md5,content-type,etag,location,x-amz-acl,x-amz-content-sha256,x-amz-date,x-amz-request-id,x-amz-security-token,x-amz-tagging,x-amz-target,x-amz-user-agent,x-amz-version-id,x-amzn-requestid,x-localstack-target,amz-sdk-invocation-id,amz-sdk-request","etag,x-amz-version-id","Thu, 04 May 2023 15:59:54 GMT",hypercorn-h11,0
1,127.218.182.125,standard,WCBVWNVXJWFV0FDTXWMAUS1US57OB1WAP6G733T7DQIC9KKGXSXO,200,text/xml,274,close,*,"HEAD,GET,PUT,POST,DELETE,OPTIONS,PATCH","authorization,cache-control,content-length,content-md5,content-type,etag,location,x-amz-acl,x-amz-content-sha256,x-amz-date,x-amz-request-id,x-amz-security-token,x-amz-tagging,x-amz-target,x-amz-user-agent,x-amz-version-id,x-amzn-requestid,x-localstack-target,amz-sdk-invocation-id,amz-sdk-request","etag,x-amz-version-id","Thu, 04 May 2023 15:59:54 GMT",hypercorn-h11,0
2,127.28.175.158,standard,MHIURT7BQGU0HCU8U2LC66T621MG33UAP7X6U1R3OI5Q4F7DGUPR,200,text/xml,273,close,*,"HEAD,GET,PUT,POST,DELETE,OPTIONS,PATCH","authorization,cache-control,content-length,content-md5,content-type,etag,location,x-amz-acl,x-amz-content-sha256,x-amz-date,x-amz-request-id,x-amz-security-token,x-amz-tagging,x-amz-target,x-amz-user-agent,x-amz-version-id,x-amzn-requestid,x-localstack-target,amz-sdk-invocation-id,amz-sdk-request","etag,x-amz-version-id","Thu, 04 May 2023 15:59:54 GMT",hypercorn-h11,0
3,127.12.40.193,standard,42OH5LUTJIMEGHMT4719MJR8KCXXNZUVM5G4ELG72CNHOLXJZ7EY,200,text/xml,272,close,*,"HEAD,GET,PUT,POST,DELETE,OPTIONS,PATCH","authorization,cache-control,content-length,content-md5,content-type,etag,location,x-amz-acl,x-amz-content-sha256,x-amz-date,x-amz-request-id,x-amz-security-token,x-amz-tagging,x-amz-target,x-amz-user-agent,x-amz-version-id,x-amzn-requestid,x-localstack-target,amz-sdk-invocation-id,amz-sdk-request","etag,x-amz-version-id","Thu, 04 May 2023 15:59:54 GMT",hypercorn-h11,0
4,127.119.147.82,standard,CCI6UE7XMJNIV4L4IQPW7DUN8QYLYN99JFMAJBIK1O9JRXW4DFHB,200,text/xml,273,close,*,"HEAD,GET,PUT,POST,DELETE,OPTIONS,PATCH","authorization,cache-control,content-length,content-md5,content-type,etag,location,x-amz-acl,x-amz-content-sha256,x-amz-date,x-amz-request-id,x-amz-security-token,x-amz-tagging,x-amz-target,x-amz-user-agent,x-amz-version-id,x-amzn-requestid,x-localstack-target,amz-sdk-invocation-id,amz-sdk-request","etag,x-amz-version-id","Thu, 04 May 2023 15:59:54 GMT",hypercorn-h11,0
5,127.46.190.245,standard,SZHSI96FZ71YWE18WWAE0YEBGPY5PWNO0F5V554WFFAYZJ7KZHZ3,200,text/xml,273,close,*,"HEAD,GET,PUT,POST,DELETE,OPTIONS,PATCH","authorization,cache-control,content-length,content-md5,content-type,etag,location,x-amz-acl,x-amz-content-sha256,x-amz-date,x-amz-request-id,x-amz-security-token,x-amz-tagging,x-amz-target,x-amz-user-agent,x-amz-version-id,x-amzn-requestid,x-localstack-target,amz-sdk-invocation-id,amz-sdk-request","etag,x-amz-version-id","Thu, 04 May 2023 15:59:54 GMT",hypercorn-h11,0
6,127.20.222.251,standard,KHSBV556285BZMCUYPIMSO1CPCL7N8JT4A0YV5AM0GT65C6VSD4H,200,text/xml,273,close,*,"HEAD,GET,PUT,POST,DELETE,OPTIONS,PATCH","authorization,cache-control,content-length,content-md5,content-type,etag,location,x-amz-acl,x-amz-content-sha256,x-amz-date,x-amz-request-id,x-amz-security-token,x-amz-tagging,x-amz-target,x-amz-user-agent,x-amz-version-id,x-amzn-requestid,x-localstack-target,amz-sdk-invocation-id,amz-sdk-request","etag,x-amz-version-id","Thu, 04 May 2023 15:59:54 GMT",hypercorn-h11,0
7,127.183.192.28,standard,OZ2FCIZV2YZ1GN99EJH7B17MGYO7RUEROGNYS8QAQC58WKV12C8Z,200,text/xml,273,close,*,"HEAD,GET,PUT,POST,DELETE,OPTIONS,PATCH","authorization,cache-control,content-length,content-md5,content-type,etag,location,x-amz-acl,x-amz-content-sha256,x-amz-date,x-amz-request-id,x-amz-security-token,x-amz-tagging,x-amz-target,x-amz-user-agent,x-amz-version-id,x-amzn-requestid,x-localstack-target,amz-sdk-invocation-id,amz-sdk-request","etag,x-amz-version-id","Thu, 04 May 2023 15:59:54 GMT",hypercorn-h11,0
8,127.115.112.29,standard,RTAVHRY3SIEF2H5OA8PXDTGU8I9JIRSOBQ77MHMF6TAZABL8G4DV,200,text/xml,273,close,*,"HEAD,GET,PUT,POST,DELETE,OPTIONS,PATCH","authorization,cache-control,content-length,content-md5,content-type,etag,location,x-amz-acl,x-amz-content-sha256,x-amz-date,x-amz-request-id,x-amz-security-token,x-amz-tagging,x-amz-target,x-amz-user-agent,x-amz-version-id,x-amzn-requestid,x-localstack-target,amz-sdk-invocation-id,amz-sdk-request","etag,x-amz-version-id","Thu, 04 May 2023 15:59:54 GMT",hypercorn-h11,0
9,127.184.35.136,standard,PVE1UOL3FC3BKD94RFQJBQFM8DLUZ0W92JW3GJX4FU3SDSMXAQ9D,200,text/xml,273,close,*,"HEAD,GET,PUT,POST,DELETE,OPTIONS,PATCH","authorization,cache-control,content-length,content-md5,content-type,etag,location,x-amz-acl,x-amz-content-sha256,x-amz-date,x-amz-request-id,x-amz-security-token,x-amz-tagging,x-amz-target,x-amz-user-agent,x-amz-version-id,x-amzn-requestid,x-localstack-target,amz-sdk-invocation-id,amz-sdk-request","etag,x-amz-version-id","Thu, 04 May 2023 15:59:54 GMT",hypercorn-h11,0
10,127.58.88.112,standard,DFRU7CXVSBTUNKD52G3YF7ODJFGLARWATZJ5IPI56CSONH1FX69H,200,text/xml,272,close,*,"HEAD,GET,PUT,POST,DELETE,OPTIONS,PATCH","authorization,cache-control,content-length,content-md5,content-type,etag,location,x-amz-acl,x-amz-content-sha256,x-amz-date,x-amz-request-id,x-amz-security-token,x-amz-tagging,x-amz-target,x-amz-user-agent,x-amz-version-id,x-amzn-requestid,x-localstack-target,amz-sdk-invocation-id,amz-sdk-request","etag,x-amz-version-id","Thu, 04 May 2023 15:59:54 GMT",hypercorn-h11,0
11,127.88.129.63,standard,G2QG49H7H1FT6ZLE194DHO7GIFNMZC2Q08PKIH6DZBD59KSRQRE7,200,text/xml,272,close,*,"HEAD,GET,PUT,POST,DELETE,OPTIONS,PATCH","authorization,cache-control,content-length,content-md5,content-type,etag,location,x-amz-acl,x-amz-content-sha256,x-amz-date,x-amz-request-id,x-amz-security-token,x-amz-tagging,x-amz-target,x-amz-user-agent,x-amz-version-id,x-amzn-requestid,x-localstack-target,amz-sdk-invocation-id,amz-sdk-request","etag,x-amz-version-id","Thu, 04 May 2023 15:59:54 GMT",hypercorn-h11,0
12,127.65.241.1,standard,0B2C0O5DZYTB36VCKJBK5MJ7BERWYN1F2RNS2EED9K6BJ9DCWHYP,200,text/xml,271,close,*,"HEAD,GET,PUT,POST,DELETE,OPTIONS,PATCH","authorization,cache-control,content-length,content-md5,content-type,etag,location,x-amz-acl,x-amz-content-sha256,x-amz-date,x-amz-request-id,x-amz-security-token,x-amz-tagging,x-amz-target,x-amz-user-agent,x-amz-version-id,x-amzn-requestid,x-localstack-target,amz-sdk-invocation-id,amz-sdk-request","etag,x-amz-version-id","Thu, 04 May 2023 15:59:54 GMT",hypercorn-h11,0
13,127.218.19.63,standard,U37FUEPLHMND3C9Y48F2MBMUPDD01EDTDEG99LH6M2EXMB70TVYW,200,text/xml,272,close,*,"HEAD,GET,PUT,POST,DELETE,OPTIONS,PATCH","authorization,cache-control,content-length,content-md5,content-type,etag,location,x-amz-acl,x-amz-content-sha256,x-amz-date,x-amz-request-id,x-amz-security-token,x-amz-tagging,x-amz-target,x-amz-user-agent,x-amz-version-id,x-amzn-requestid,x-localstack-target,amz-sdk-invocation-id,amz-sdk-request","etag,x-amz-version-id","Thu, 04 May 2023 15:59:54 GMT",hypercorn-h11,0
14,127.249.214.252,standard,G8RUA4P7RC9UVWTTT8SR8HTCNYSOPXQ3OHYHR7GAG49QXW45D4DP,200,text/xml,274,close,*,"HEAD,GET,PUT,POST,DELETE,OPTIONS,PATCH","authorization,cache-control,content-length,content-md5,content-type,etag,location,x-amz-acl,x-amz-content-sha256,x-amz-date,x-amz-request-id,x-amz-security-token,x-amz-tagging,x-amz-target,x-amz-user-agent,x-amz-version-id,x-amzn-requestid,x-localstack-target,amz-sdk-invocation-id,amz-sdk-request","etag,x-amz-version-id","Thu, 04 May 2023 15:59:54 GMT",hypercorn-h11,0
15,127.87.233.239,standard,QR73DVGDVKWZ1UYHZCO6MO5AZTHQBOAQVKLEDNXV7EQ24JEJFC8B,200,text/xml,273,close,*,"HEAD,GET,PUT,POST,DELETE,OPTIONS,PATCH","authorization,cache-control,content-length,content-md5,content-type,etag,location,x-amz-acl,x-amz-content-sha256,x-amz-date,x-amz-request-id,x-amz-security-token,x-amz-tagging,x-amz-target,x-amz-user-agent,x-amz-version-id,x-amzn-requestid,x-localstack-target,amz-sdk-invocation-id,amz-sdk-request","etag,x-amz-version-id","Thu, 04 May 2023 15:59:54 GMT",hypercorn-h11,0
16,127.52.195.0,standard,QEGLTJZ9ON6E29KKDH5XL1DM5F0OQ251G1RX7U3AIB5X2BA2ESKK,200,text/xml,271,close,*,"HEAD,GET,PUT,POST,DELETE,OPTIONS,PATCH","authorization,cache-control,content-length,content-md5,content-type,etag,location,x-amz-acl,x-amz-content-sha256,x-amz-date,x-amz-request-id,x-amz-security-token,x-amz-tagging,x-amz-target,x-amz-user-agent,x-amz-version-id,x-amzn-requestid,x-localstack-target,amz-sdk-invocation-id,amz-sdk-request","etag,x-amz-version-id","Thu, 04 May 2023 15:59:54 GMT",hypercorn-h11,0
17,127.12.63.147,standard,82MY12QL4VF1N2G17KX0O5OM4UPZ9YIE5ZO09NFK9OJQVU8K9RA0,200,text/xml,272,close,*,"HEAD,GET,PUT,POST,DELETE,OPTIONS,PATCH","authorization,cache-control,content-length,content-md5,content-type,etag,location,x-amz-acl,x-amz-content-sha256,x-amz-date,x-amz-request-id,x-amz-security-token,x-amz-tagging,x-amz-target,x-amz-user-agent,x-amz-version-id,x-amzn-requestid,x-localstack-target,amz-sdk-invocation-id,amz-sdk-request","etag,x-amz-version-id","Thu, 04 May 2023 15:59:54 GMT",hypercorn-h11,0
18,127.146.11.57,standard,WY1Y7E376HS1ACVWQ6HRU2CIBQAFJK282HRMGFGKJJQQZTJPUM1P,200,text/xml,272,close,*,"HEAD,GET,PUT,POST,DELETE,OPTIONS,PATCH","authorization,cache-control,content-length,content-md5,content-type,etag,location,x-amz-acl,x-amz-content-sha256,x-amz-date,x-amz-request-id,x-amz-security-token,x-amz-tagging,x-amz-target,x-amz-user-agent,x-amz-version-id,x-amzn-requestid,x-localstack-target,amz-sdk-invocation-id,amz-sdk-request","etag,x-amz-version-id","Thu, 04 May 2023 15:59:54 GMT",hypercorn-h11,0
19,127.19.59.203,standard,0TQX8JUQ8TP0Q9D39CLDOPCCTETSHLIR9EAPOGMOVEELXGBRMPO8,200,text/xml,272,close,*,"HEAD,GET,PUT,POST,DELETE,OPTIONS,PATCH","authorization,cache-control,content-length,content-md5,content-type,etag,location,x-amz-acl,x-amz-content-sha256,x-amz-date,x-amz-request-id,x-amz-security-token,x-amz-tagging,x-amz-target,x-amz-user-agent,x-amz-version-id,x-amzn-requestid,x-localstack-target,amz-sdk-invocation-id,amz-sdk-request","etag,x-amz-version-id","Thu, 04 May 2023 15:59:54 GMT",hypercorn-h11,0
20,127.202.49.64,standard,37QZLH1ZW1QHC7CKA4VB1S34W82ZQAI9EL9OQBI1FETUSJHCGRIC,200,text/xml,272,close,*,"HEAD,GET,PUT,POST,DELETE,OPTIONS,PATCH","authorization,cache-control,content-length,content-md5,content-type,etag,location,x-amz-acl,x-amz-content-sha256,x-amz-date,x-amz-request-id,x-amz-security-token,x-amz-tagging,x-amz-target,x-amz-user-agent,x-amz-version-id,x-amzn-requestid,x-localstack-target,amz-sdk-invocation-id,amz-sdk-request","etag,x-amz-version-id","Thu, 04 May 2023 15:59:54 GMT",hypercorn-h11,0
21,127.79.13.8,standard,R7E87ZFN07HNUA22JR936I7HMQI3MY3FVZPV338FWH7C86H4J197,200,text/xml,270,close,*,"HEAD,GET,PUT,POST,DELETE,OPTIONS,PATCH","authorization,cache-control,content-length,content-md5,content-type,etag,location,x-amz-acl,x-amz-content-sha256,x-amz-date,x-amz-request-id,x-amz-security-token,x-amz-tagging,x-amz-target,x-amz-user-agent,x-amz-version-id,x-amzn-requestid,x-localstack-target,amz-sdk-invocation-id,amz-sdk-request","etag,x-amz-version-id","Thu, 04 May 2023 15:59:54 GMT",hypercorn-h11,0
22,127.19.90.61,standard,QPB1A2H46CCM9V0PL4JCJNKUFUYJBK5LT4HBYORNVALE0NXE4RWF,200,text/xml,271,close,*,"HEAD,GET,PUT,POST,DELETE,OPTIONS,PATCH","authorization,cache-control,content-length,content-md5,content-type,etag,location,x-amz-acl,x-amz-content-sha256,x-amz-date,x-amz-request-id,x-amz-security-token,x-amz-tagging,x-amz-target,x-amz-user-agent,x-amz-version-id,x-amzn-requestid,x-localstack-target,amz-sdk-invocation-id,amz-sdk-request","etag,x-amz-version-id","Thu, 04 May 2023 15:59:54 GMT",hypercorn-h11,0
23,127.110.234.86,standard,TI68B4FQD8ST078XCOGWL3ODKLBIO14NF00NWPN1T4YMR0X2QZVK,200,text/xml,273,close,*,"HEAD,GET,PUT,POST,DELETE,OPTIONS,PATCH","authorization,cache-control,content-length,content-md5,content-type,etag,location,x-amz-acl,x-amz-content-sha256,x-amz-date,x-amz-request-id,x-amz-security-token,x-amz-tagging,x-amz-target,x-amz-user-agent,x-amz-version-id,x-amzn-requestid,x-localstack-target,amz-sdk-invocation-id,amz-sdk-request","etag,x-amz-version-id","Thu, 04 May 2023 15:59:54 GMT",hypercorn-h11,0
24,127.218.4.100,standard,PCHRBWKEP7B1IUB7IREONXTC1EAX440VYJG6J2LXSOO626F33O4O,200,text/xml,272,close,*,"HEAD,GET,PUT,POST,DELETE,OPTIONS,PATCH","authorization,cache-control,content-length,content-md5,content-type,etag,location,x-amz-acl,x-amz-content-sha256,x-amz-date,x-amz-request-id,x-amz-security-token,x-amz-tagging,x-amz-target,x-amz-user-agent,x-amz-version-id,x-amzn-requestid,x-localstack-target,amz-sdk-invocation-id,amz-sdk-request","etag,x-amz-version-id","Thu, 04 May 2023 15:59:54 GMT",hypercorn-h11,0
25,127.53.232.68,standard,CHE8IBS3U7IEFDDTP3AOUD3R5LNYOCDO1CA6I5C8LSERSVCUIQ92,200,text/xml,272,close,*,"HEAD,GET,PUT,POST,DELETE,OPTIONS,PATCH","authorization,cache-control,content-length,content-md5,content-type,etag,location,x-amz-acl,x-amz-content-sha256,x-amz-date,x-amz-request-id,x-amz-security-token,x-amz-tagging,x-amz-target,x-amz-user-agent,x-amz-version-id,x-amzn-requestid,x-localstack-target,amz-sdk-invocation-id,amz-sdk-request","etag,x-amz-version-id","Thu, 04 May 2023 15:59:54 GMT",hypercorn-h11,0
26,127.36.255.34,standard,HALZ3O20EK2A4OPG3ZPT25IZ4YENW26WSJXAFVLU9RLYUZ2BVDKP,200,text/xml,272,close,*,"HEAD,GET,PUT,POST,DELETE,OPTIONS,PATCH","authorization,cache-control,content-length,content-md5,content-type,etag,location,x-amz-acl,x-amz-content-sha256,x-amz-date,x-amz-request-id,x-amz-security-token,x-amz-tagging,x-amz-target,x-amz-user-agent,x-amz-version-id,x-amzn-requestid,x-localstack-target,amz-sdk-invocation-id,amz-sdk-request","etag,x-amz-version-id","Thu, 04 May 2023 15:59:54 GMT",hypercorn-h11,0
27,127.174.81.77,standard,YJNARRMIZYHITRPIRNZCSID1UTPUZPN65ABIG4RMELWH6MBEFEMG,200,text/xml,272,close,*,"HEAD,GET,PUT,POST,DELETE,OPTIONS,PATCH","authorization,cache-control,content-length,content-md5,content-type,etag,location,x-amz-acl,x-amz-content-sha256,x-amz-date,x-amz-request-id,x-amz-security-token,x-amz-tagging,x-amz-target,x-amz-user-agent,x-amz-version-id,x-amzn-requestid,x-localstack-target,amz-sdk-invocation-id,amz-sdk-request","etag,x-amz-version-id","Thu, 04 May 2023 15:59:54 GMT",hypercorn-h11,0
28,127.140.57.166,standard,O0IDDSTMPWO69GVRITFYNK4MYZIHUMKIPV6UVIGOVR7TQLPVGBG5,200,text/xml,273,close,*,"HEAD,GET,PUT,POST,DELETE,OPTIONS,PATCH","authorization,cache-control,content-length,content-md5,content-type,etag,location,x-amz-acl,x-amz-content-sha256,x-amz-date,x-amz-request-id,x-amz-security-token,x-amz-tagging,x-amz-target,x-amz-user-agent,x-amz-version-id,x-amzn-requestid,x-localstack-target,amz-sdk-invocation-id,amz-sdk-request","etag,x-amz-version-id","Thu, 04 May 2023 15:59:54 GMT",hypercorn-h11,0
29,127.79.225.184,standard,7QX8IVLHB4QWYJ3HMFFBL5TTZ3N4GZTGV2VUIOGAOZ5ZCM4ILZM6,200,text/xml,273,close,*,"HEAD,GET,PUT,POST,DELETE,OPTIONS,PATCH","authorization,cache-control,content-length,content-md5,content-type,etag,location,x-amz-acl,x-amz-content-sha256,x-amz-date,x-amz-request-id,x-amz-security-token,x-amz-tagging,x-amz-target,x-amz-user-agent,x-amz-version-id,x-amzn-requestid,x-localstack-target,amz-sdk-invocation-id,amz-sdk-request","etag,x-amz-version-id","Thu, 04 May 2023 15:59:54 GMT",hypercorn-h11,0
30,127.113.50.224,standard,8JWTSDC1M4DAU3IDD0LHR9K7N5EK1S1FC6PWLGKQ343RQQUN0NZW,200,text/xml,273,close,*,"HEAD,GET,PUT,POST,DELETE,OPTIONS,PATCH","authorization,cache-control,content-length,content-md5,content-type,etag,location,x-amz-acl,x-amz-content-sha256,x-amz-date,x-amz-request-id,x-amz-security-token,x-amz-tagging,x-amz-target,x-amz-user-agent,x-amz-version-id,x-amzn-requestid,x-localstack-target,amz-sdk-invocation-id,amz-sdk-request","etag,x-amz-version-id","Thu, 04 May 2023 15:59:54 GMT",hypercorn-h11,0
31,127.159.118.217,standard,V4FLGLQXK53CVI0OLCFBVE0PGSVFK9K5QIRVWII0NSIRN51PHEBR,200,text/xml,274,close,*,"HEAD,GET,PUT,POST,DELETE,OPTIONS,PATCH","authorization,cache-control,content-length,content-md5,content-type,etag,location,x-amz-acl,x-amz-content-sha256,x-amz-date,x-amz-request-id,x-amz-security-token,x-amz-tagging,x-amz-target,x-amz-user-agent,x-amz-version-id,x-amzn-requestid,x-localstack-target,amz-sdk-invocation-id,amz-sdk-request","etag,x-amz-version-id","Thu, 04 May 2023 15:59:54 GMT",hypercorn-h11,0
32,127.120.231.153,standard,5OKA6I6PQNCGT3MEK8AU0ZJYO0DZJI7KWN8REZ2GCOSUJNJPKD0C,200,text/xml,274,close,*,"HEAD,GET,PUT,POST,DELETE,OPTIONS,PATCH","authorization,cache-control,content-length,content-md5,content-type,etag,location,x-amz-acl,x-amz-content-sha256,x-amz-date,x-amz-request-id,x-amz-security-token,x-amz-tagging,x-amz-target,x-amz-user-agent,x-amz-version-id,x-amzn-requestid,x-localstack-target,amz-sdk-invocation-id,amz-sdk-request","etag,x-amz-version-id","Thu, 04 May 2023 15:59:54 GMT",hypercorn-h11,0
33,127.124.37.79,standard,6WANE5R8VDCWDMELJ61KS641I34ALQXUXYMIB4CXBEMUIBMMFGJ0,200,text/xml,272,close,*,"HEAD,GET,PUT,POST,DELETE,OPTIONS,PATCH","authorization,cache-control,content-length,content-md5,content-type,etag,location,x-amz-acl,x-amz-content-sha256,x-amz-date,x-amz-request-id,x-amz-security-token,x-amz-tagging,x-amz-target,x-amz-user-agent,x-amz-version-id,x-amzn-requestid,x-localstack-target,amz-sdk-invocation-id,amz-sdk-request","etag,x-amz-version-id","Thu, 04 May 2023 15:59:54 GMT",hypercorn-h11,0
34,127.177.125.64,standard,JSYP99OGI2XYOCN3UH9NHTQWVYXGM1B511JPJYH6A2EJFAJNUT9J,200,text/xml,273,close,*,"HEAD,GET,PUT,POST,DELETE,OPTIONS,PATCH","authorization,cache-control,content-length,content-md5,content-type,etag,location,x-amz-acl,x-amz-content-sha256,x-amz-date,x-amz-request-id,x-amz-security-token,x-amz-tagging,x-amz-target,x-amz-user-agent,x-amz-version-id,x-amzn-requestid,x-localstack-target,amz-sdk-invocation-id,amz-sdk-request","etag,x-amz-version-id","Thu, 04 May 2023 15:59:54 GMT",hypercorn-h11,0
35,127.242.40.93,standard,XBHRAGSY87R2OUVADZU9VQIMZK4TN1OSQ2VDXI8G6CKK11YM1NAJ,200,text/xml,272,close,*,"HEAD,GET,PUT,POST,DELETE,OPTIONS,PATCH","authorization,cache-control,content-length,content-md5,content-type,etag,location,x-amz-acl,x-amz-content-sha256,x-amz-date,x-amz-request-id,x-amz-security-token,x-amz-tagging,x-amz-target,x-amz-user-agent,x-amz-version-id,x-amzn-requestid,x-localstack-target,amz-sdk-invocation-id,amz-sdk-request","etag,x-amz-version-id","Thu, 04 May 2023 15:59:54 GMT",hypercorn-h11,0
36,127.119.78.67,standard,2NQ8BP0KSB8E6H7400BH19HA0FVTH8DOUKKU85K8XT22BRNW492Z,200,text/xml,272,close,*,"HEAD,GET,PUT,POST,DELETE,OPTIONS,PATCH","authorization,cache-control,content-length,content-md5,content-type,etag,location,x-amz-acl,x-amz-content-sha256,x-amz-date,x-amz-request-id,x-amz-security-token,x-amz-tagging,x-amz-target,x-amz-user-agent,x-amz-version-id,x-amzn-requestid,x-localstack-target,amz-sdk-invocation-id,amz-sdk-request","etag,x-amz-version-id","Thu, 04 May 2023 15:59:54 GMT",hypercorn-h11,0
37,127.144.238.197,standard,22J52N7940GC5YEJ6EUOD2CPD9E8TUHOPXXQ2FYBYFXYZGLTO8X2,200,text/xml,274,close,*,"HEAD,GET,PUT,POST,DELETE,OPTIONS,PATCH","authorization,cache-control,content-length,content-md5,content-type,etag,location,x-amz-acl,x-amz-content-sha256,x-amz-date,x-amz-request-id,x-amz-security-token,x-amz-tagging,x-amz-target,x-amz-user-agent,x-amz-version-id,x-amzn-requestid,x-localstack-target,amz-sdk-invocation-id,amz-sdk-request","etag,x-amz-version-id","Thu, 04 May 2023 15:59:54 GMT",hypercorn-h11,0
38,127.54.169.186,standard,T1MKNQEV2W2YIJM6YR41B2U7LK1M2KZQ3NUOQK9BT9CTWNTXP34F,200,text/xml,273,close,*,"HEAD,GET,PUT,POST,DELETE,OPTIONS,PATCH","authorization,cache-control,content-length,content-md5,content-type,etag,location,x-amz-acl,x-amz-content-sha256,x-amz-date,x-amz-request-id,x-amz-security-token,x-amz-tagging,x-amz-target,x-amz-user-agent,x-amz-version-id,x-amzn-requestid,x-localstack-target,amz-sdk-invocation-id,amz-sdk-request","etag,x-amz-version-id","Thu, 04 May 2023 15:59:54 GMT",hypercorn-h11,0
39,127.56.131.63,standard,5O151T5M5LDN4SMH1W3DNRDZ81ALQY3FKKBNCAIWYML94ZNHZQF7,200,text/xml,272,close,*,"HEAD,GET,PUT,POST,DELETE,OPTIONS,PATCH","authorization,cache-control,content-length,content-md5,content-type,etag,location,x-amz-acl,x-amz-content-sha256,x-amz-date,x-amz-request-id,x-amz-security-token,x-amz-tagging,x-amz-target,x-amz-user-agent,x-amz-version-id,x-amzn-requestid,x-localstack-target,amz-sdk-invocation-id,amz-sdk-request","etag,x-amz-version-id","Thu, 04 May 2023 15:59:54 GMT",hypercorn-h11,0
40,127.233.187.165,standard,5L1R6AW2BV2W0PE83M55OQ5U5K1RCADF83RDEOQQOQJQ5HLENTSH,200,text/xml,274,close,*,"HEAD,GET,PUT,POST,DELETE,OPTIONS,PATCH","authorization,cache-control,content-length,content-md5,content-type,etag,location,x-amz-acl,x-amz-content-sha256,x-amz-date,x-amz-request-id,x-amz-security-token,x-amz-tagging,x-amz-target,x-amz-user-agent,x-amz-version-id,x-amzn-requestid,x-localstack-target,amz-sdk-invocation-id,amz-sdk-request","etag,x-amz-version-id","Thu, 04 May 2023 15:59:54 GMT",hypercorn-h11,0
41,127.170.77.203,standard,GQUS952LTFW98XIFUMCERMLTRE2OIJWNAS53FAVSCEDZBYRT2D14,200,text/xml,273,close,*,"HEAD,GET,PUT,POST,DELETE,OPTIONS,PATCH","authorization,cache-control,content-length,content-md5,content-type,etag,location,x-amz-acl,x-amz-content-sha256,x-amz-date,x-amz-request-id,x-amz-security-token,x-amz-tagging,x-amz-target,x-amz-user-agent,x-amz-version-id,x-amzn-requestid,x-localstack-target,amz-sdk-invocation-id,amz-sdk-request","etag,x-amz-version-id","Thu, 04 May 2023 15:59:54 GMT",hypercorn-h11,0
42,127.223.215.37,standard,4O2L1BOI0TQ9VH9G86YUU4FI09R631A7463Q059WD2DLZZPG0YX7,200,text/xml,273,close,*,"HEAD,GET,PUT,POST,DELETE,OPTIONS,PATCH","authorization,cache-control,content-length,content-md5,content-type,etag,location,x-amz-acl,x-amz-content-sha256,x-amz-date,x-amz-request-id,x-amz-security-token,x-amz-tagging,x-amz-target,x-amz-user-agent,x-amz-version-id,x-amzn-requestid,x-localstack-target,amz-sdk-invocation-id,amz-sdk-request","etag,x-amz-version-id","Thu, 04 May 2023 15:59:54 GMT",hypercorn-h11,0
43,127.190.188.13,standard,AD1NN0SHFL5W5RZ0ER7QIE95OMUTLBA9FZ49DWCA360UJTPCJ7GP,200,text/xml,273,close,*,"HEAD,GET,PUT,POST,DELETE,OPTIONS,PATCH","authorization,cache-control,content-length,content-md5,content-type,etag,location,x-amz-acl,x-amz-content-sha256,x-amz-date,x-amz-request-id,x-amz-security-token,x-amz-tagging,x-amz-target,x-amz-user-agent,x-amz-version-id,x-amzn-requestid,x-localstack-target,amz-sdk-invocation-id,amz-sdk-request","etag,x-amz-version-id","Thu, 04 May 2023 15:59:54 GMT",hypercorn-h11,0
44,127.125.11.218,standard,ZDXFJAZGSTIOPD9AX57AOJAYGYOSTTZPF2C55P6AU4JEDWKIZ30I,200,text/xml,273,close,*,"HEAD,GET,PUT,POST,DELETE,OPTIONS,PATCH","authorization,cache-control,content-length,content-md5,content-type,etag,location,x-amz-acl,x-amz-content-sha256,x-amz-date,x-amz-request-id,x-amz-security-token,x-amz-tagging,x-amz-target,x-amz-user-agent,x-amz-version-id,x-amzn-requestid,x-localstack-target,amz-sdk-invocation-id,amz-sdk-request","etag,x-amz-version-id","Thu, 04 May 2023 15:59:54 GMT",hypercorn-h11,0
45,127.60.69.29,standard,EXV5K47RNS0ZVH306REFYVSXGQX3ZC76JMRZ4RFGBL0IX4VODWQG,200,text/xml,271,close,*,"HEAD,GET,PUT,POST,DELETE,OPTIONS,PATCH","authorization,cache-control,content-length,content-md5,content-type,etag,location,x-amz-acl,x-amz-content-sha256,x-amz-date,x-amz-request-id,x-amz-security-token,x-amz-tagging,x-amz-target,x-amz-user-agent,x-amz-version-id,x-amzn-requestid,x-localstack-target,amz-sdk-invocation-id,amz-sdk-request","etag,x-amz-version-id","Thu, 04 May 2023 15:59:54 GMT",hypercorn-h11,0
46,127.98.239.32,standard,4UHEMO686ZVUND9LIDXGBOEKR9NIGG4REYMASWVASV6YZ86PS1E4,200,text/xml,272,close,*,"HEAD,GET,PUT,POST,DELETE,OPTIONS,PATCH","authorization,cache-control,content-length,content-md5,content-type,etag,location,x-amz-acl,x-amz-content-sha256,x-amz-date,x-amz-request-id,x-amz-security-token,x-amz-tagging,x-amz-target,x-amz-user-agent,x-amz-version-id,x-amzn-requestid,x-localstack-target,amz-sdk-invocation-id,amz-sdk-request","etag,x-amz-version-id","Thu, 04 May 2023 15:59:54 GMT",hypercorn-h11,0
47,127.197.234.187,standard,YP6HH7XQZ8UT0MW4GHWWO2H0H1RNV1Q4QEUQQJ7SXEPB49QZOGJS,200,text/xml,274,close,*,"HEAD,GET,PUT,POST,DELETE,OPTIONS,PATCH","authorization,cache-control,content-length,content-md5,content-type,etag,location,x-amz-acl,x-amz-content-sha256,x-amz-date,x-amz-request-id,x-amz-security-token,x-amz-tagging,x-amz-target,x-amz-user-agent,x-amz-version-id,x-amzn-requestid,x-localstack-target,amz-sdk-invocation-id,amz-sdk-request","etag,x-amz-version-id","Thu, 04 May 2023 15:59:54 GMT",hypercorn-h11,0
48,127.253.202.75,standard,V44MVF1V0SZAA6YWCTGFQ7KP9GQPCV4LSEN0BM16E82L6BRT8PWP,200,text/xml,273,close,*,"HEAD,GET,PUT,POST,DELETE,OPTIONS,PATCH","authorization,cache-control,content-length,content-md5,content-type,etag,location,x-amz-acl,x-amz-content-sha256,x-amz-date,x-amz-request-id,x-amz-security-token,x-amz-tagging,x-amz-target,x-amz-user-agent,x-amz-version-id,x-amzn-requestid,x-localstack-target,amz-sdk-invocation-id,amz-sdk-request","etag,x-amz-version-id","Thu, 04 May 2023 15:59:54 GMT",hypercorn-h11,0
49,127.61.243.234,standard,K8KIXNE6RMGAK5TTEP1QMDMSG2HPRVB7PPFPCVUX2HT0O3KYUJ1G,200,text/xml,273,close,*,"HEAD,GET,PUT,POST,DELETE,OPTIONS,PATCH","authorization,cache-control,content-length,content-md5,content-type,etag,location,x-amz-acl,x-amz-content-sha256,x-amz-date,x-amz-request-id,x-amz-security-token,x-amz-tagging,x-amz-target,x-amz-user-agent,x-amz-version-id,x-amzn-requestid,x-localstack-target,amz-sdk-invocation-id,amz-sdk-request","etag,x-amz-version-id","Thu, 04 May 2023 15:59:54 GMT",hypercorn-h11,0
50,127.33.24.118,standard,1T1YZPVWIF6L10KMI2GLGS2XF3HQ59L7B2H7K8BC2ERIBNNCI94V,200,text/xml,272,close,*,"HEAD,GET,PUT,POST,DELETE,OPTIONS,PATCH","authorization,cache-control,content-length,content-md5,content-type,etag,location,x-amz-acl,x-amz-content-sha256,x-amz-date,x-amz-request-id,x-amz-security-token,x-amz-tagging,x-amz-target,x-amz-user-agent,x-amz-version-id,x-amzn-requestid,x-localstack-target,amz-sdk-invocation-id,amz-sdk-request","etag,x-amz-version-id","Thu, 04 May 2023 15:59:54 GMT",hypercorn-h11,0
51,127.188.45.79,standard,CP3L4I6WYOFV9XASG4JC62XVSU41YCQIDG872AEPQFSIOK9GTQEW,200,text/xml,272,close,*,"HEAD,GET,PUT,POST,DELETE,OPTIONS,PATCH","authorization,cache-control,content-length,content-md5,content-type,etag,location,x-amz-acl,x-amz-content-sha256,x-amz-date,x-amz-request-id,x-amz-security-token,x-amz-tagging,x-amz-target,x-amz-user-agent,x-amz-version-id,x-amzn-requestid,x-localstack-target,amz-sdk-invocation-id,amz-sdk-request","etag,x-amz-version-id","Thu, 04 May 2023 15:59:54 GMT",hypercorn-h11,0
52,127.113.215.167,standard,K7YTRADK41EZ0RADA147BYOF31H5LM3OEX2I0U9IRZU9CP7MULCE,200,text/xml,274,close,*,"HEAD,GET,PUT,POST,DELETE,OPTIONS,PATCH","authorization,cache-control,content-length,content-md5,content-type,etag,location,x-amz-acl,x-amz-content-sha256,x-amz-date,x-amz-request-id,x-amz-security-token,x-amz-tagging,x-amz-target,x-amz-user-agent,x-amz-version-id,x-amzn-requestid,x-localstack-target,amz-sdk-invocation-id,amz-sdk-request","etag,x-amz-version-id","Thu, 04 May 2023 15:59:54 GMT",hypercorn-h11,0
53,127.13.144.144,standard,S3FVKJX14UT3OLSD1NCKEYJDERN2U46OZI66UCF27UVZPASGG7H3,200,text/xml,273,close,*,"HEAD,GET,PUT,POST,DELETE,OPTIONS,PATCH","authorization,cache-control,content-length,content-md5,content-type,etag,location,x-amz-acl,x-amz-content-sha256,x-amz-date,x-amz-request-id,x-amz-security-token,x-amz-tagging,x-amz-target,x-amz-user-agent,x-amz-version-id,x-amzn-requestid,x-localstack-target,amz-sdk-invocation-id,amz-sdk-request","etag,x-amz-version-id","Thu, 04 May 2023 15:59:54 GMT",hypercorn-h11,0
54,127.202.237.0,standard,JWJ79BSAKIPQY7LWYO7ZQN9NZN742EQTRT8GQP50B1R4KNEYMA0U,200,text/xml,272,close,*,"HEAD,GET,PUT,POST,DELETE,OPTIONS,PATCH","authorization,cache-control,content-length,content-md5,content-type,etag,location,x-amz-acl,x-amz-content-sha256,x-amz-date,x-amz-request-id,x-amz-security-token,x-amz-tagging,x-amz-target,x-amz-user-agent,x-amz-version-id,x-amzn-requestid,x-localstack-target,amz-sdk-invocation-id,amz-sdk-request","etag,x-amz-version-id","Thu, 04 May 2023 15:59:54 GMT",hypercorn-h11,0
55,127.201.159.196,standard,HWB3YLSGRO949K4BMFYNHIZN74MKRUCB6BE70KJPZVF2Z9UDVQPK,200,text/xml,274,close,*,"HEAD,GET,PUT,POST,DELETE,OPTIONS,PATCH","authorization,cache-control,content-length,content-md5,content-type,etag,location,x-amz-acl,x-amz-content-sha256,x-amz-date,x-amz-request-id,x-amz-security-token,x-amz-tagging,x-amz-target,x-amz-user-agent,x-amz-version-id,x-amzn-requestid,x-localstack-target,amz-sdk-invocation-id,amz-sdk-request","etag,x-amz-version-id","Thu, 04 May 2023 15:59:54 GMT",hypercorn-h11,0
56,127.234.30.211,standard,3REXAJ2RYVF21FQS2ALNVEOECR179Y92FEPMQ3FI5NNNWXDJO376,200,text/xml,273,close,*,"HEAD,GET,PUT,POST,DELETE,OPTIONS,PATCH","authorization,cache-control,content-length,content-md5,content-type,etag,location,x-amz-acl,x-amz-content-sha256,x-amz-date,x-amz-request-id,x-amz-security-token,x-amz-tagging,x-amz-target,x-amz-user-agent,x-amz-version-id,x-amzn-requestid,x-localstack-target,amz-sdk-invocation-id,amz-sdk-request","etag,x-amz-version-id","Thu, 04 May 2023 15:59:54 GMT",hypercorn-h11,0
57,127.201.52.202,standard,04LQ6X7ES73KA8DPLQ18IEUPHP62V4RYNQYAJJ5I5TH784RAO904,200,text/xml,273,close,*,"HEAD,GET,PUT,POST,DELETE,OPTIONS,PATCH","authorization,cache-control,content-length,content-md5,content-type,etag,location,x-amz-acl,x-amz-content-sha256,x-amz-date,x-amz-request-id,x-amz-security-token,x-amz-tagging,x-amz-target,x-amz-user-agent,x-amz-version-id,x-amzn-requestid,x-localstack-target,amz-sdk-invocation-id,amz-sdk-request","etag,x-amz-version-id","Thu, 04 May 2023 15:59:54 GMT",hypercorn-h11,0
58,127.251.129.67,standard,VEO9CNBLJB2MBITX0YCX0XGZNISAPAGV18SWWBKFVOGAAL1855SL,200,text/xml,273,close,*,"HEAD,GET,PUT,POST,DELETE,OPTIONS,PATCH","authorization,cache-control,content-length,content-md5,content-type,etag,location,x-amz-acl,x-amz-content-sha256,x-amz-date,x-amz-request-id,x-amz-security-token,x-amz-tagging,x-amz-target,x-amz-user-agent,x-amz-version-id,x-amzn-requestid,x-localstack-target,amz-sdk-invocation-id,amz-sdk-request","etag,x-amz-version-id","Thu, 04 May 2023 15:59:54 GMT",hypercorn-h11,0
59,127.36.158.58,standard,LJ6DYCJ6J3X2PC39NISL1M11BGPO5QTD9OZBHXBP10ZT6RO0HUQY,200,text/xml,272,close,*,"HEAD,GET,PUT,POST,DELETE,OPTIONS,PATCH","authorization,cache-control,content-length,content-md5,content-type,etag,location,x-amz-acl,x-amz-content-sha256,x-amz-date,x-amz-request-id,x-amz-security-token,x-amz-tagging,x-amz-target,x-amz-user-agent,x-amz-version-id,x-amzn-requestid,x-localstack-target,amz-sdk-invocation-id,amz-sdk-request","etag,x-amz-version-id","Thu, 04 May 2023 15:59:54 GMT",hypercorn-h11,0
60,127.28.248.226,standard,K223JF8OQA0DDP8Z9ZYL43IAY3FD89CSVV8GXWKN912O02XG428T,200,text/xml,273,close,*,"HEAD,GET,PUT,POST,DELETE,OPTIONS,PATCH","authorization,cache-control,content-length,content-md5,content-type,etag,location,x-amz-acl,x-amz-content-sha256,x-amz-date,x-amz-request-id,x-amz-security-token,x-amz-tagging,x-amz-target,x-amz-user-agent,x-amz-version-id,x-amzn-requestid,x-localstack-target,amz-sdk-invocation-id,amz-sdk-request","etag,x-amz-version-id","Thu, 04 May 2023 15:59:54 GMT",hypercorn-h11,0
61,127.186.194.51,standard,3J30DP6TIC8GCFRI5846QJACM17SZXMFRLWX4VPBVAXTXJJ5XVC7,200,text/xml,273,close,*,"HEAD,GET,PUT,POST,DELETE,OPTIONS,PATCH","authorization,cache-control,content-length,content-md5,content-type,etag,location,x-amz-acl,x-amz-content-sha256,x-amz-date,x-amz-request-id,x-amz-security-token,x-amz-tagging,x-amz-target,x-amz-user-agent,x-amz-version-id,x-amzn-requestid,x-localstack-target,amz-sdk-invocation-id,amz-sdk-request","etag,x-amz-version-id","Thu, 04 May 2023 15:59:54 GMT",hypercorn-h11,0
62,127.175.28.13,standard,3GQ6TE9752UTUJ3NOUPVI92ERP46B61D68OWTHHYQIIO0JPZ0MW0,200,text/xml,272,close,*,"HEAD,GET,PUT,POST,DELETE,OPTIONS,PATCH","authorization,cache-control,content-length,content-md5,content-type,etag,location,x-amz-acl,x-amz-content-sha256,x-amz-date,x-amz-request-id,x-amz-security-token,x-amz-tagging,x-amz-target,x-amz-user-agent,x-amz-version-id,x-amzn-requestid,x-localstack-target,amz-sdk-invocation-id,amz-sdk-request","etag,x-amz-version-id","Thu, 04 May 2023 15:59:54 GMT",hypercorn-h11,0
63,127.231.94.132,standard,SRL9XHH24RLU2HCPV8AX6JRH1JN4YOFVMMIWW3RUCPABFTJ3GGVW,200,text/xml,273,close,*,"HEAD,GET,PUT,POST,DELETE,OPTIONS,PATCH","authorization,cache-control,content-length,content-md5,content-type,etag,location,x-amz-acl,x-amz-content-sha256,x-amz-date,x-amz-request-id,x-amz-security-token,x-amz-tagging,x-amz-target,x-amz-user-agent,x-amz-version-id,x-amzn-requestid,x-localstack-target,amz-sdk-invocation-id,amz-sdk-request","etag,x-amz-version-id","Thu, 04 May 2023 15:59:54 GMT",hypercorn-h11,0
64,127.79.183.146,standard,QDL9BX7PRCCODPJCMKKG59YQ2AQR43VQ9DUJFLUVSTDAKBXZHH3E,200,text/xml,273,close,*,"HEAD,GET,PUT,POST,DELETE,OPTIONS,PATCH","authorization,cache-control,content-length,content-md5,content-type,etag,location,x-amz-acl,x-amz-content-sha256,x-amz-date,x-amz-request-id,x-amz-security-token,x-amz-tagging,x-amz-target,x-amz-user-agent,x-amz-version-id,x-amzn-requestid,x-localstack-target,amz-sdk-invocation-id,amz-sdk-request","etag,x-amz-version-id","Thu, 04 May 2023 15:59:54 GMT",hypercorn-h11,0
65,127.202.225.105,standard,KZ2IC4DJRQHXFJ5VTGHLDXVOMDVL3Y30ED1NZW3DXZDILJKKMHW0,200,text/xml,274,close,*,"HEAD,GET,PUT,POST,DELETE,OPTIONS,PATCH","authorization,cache-control,content-length,content-md5,content-type,etag,location,x-amz-acl,x-amz-content-sha256,x-amz-date,x-amz-request-id,x-amz-security-token,x-amz-tagging,x-amz-target,x-amz-user-agent,x-amz-version-id,x-amzn-requestid,x-localstack-target,amz-sdk-invocation-id,amz-sdk-request","etag,x-amz-version-id","Thu, 04 May 2023 15:59:54 GMT",hypercorn-h11,0
66,127.201.48.85,standard,CNYTEP6N3MI6L1AUZPO4ENLHCYENE91M2REHCAMO2UTOLRJ4FRNB,200,text/xml,272,close,*,"HEAD,GET,PUT,POST,DELETE,OPTIONS,PATCH","authorization,cache-control,content-length,content-md5,content-type,etag,location,x-amz-acl,x-amz-content-sha256,x-amz-date,x-amz-request-id,x-amz-security-token,x-amz-tagging,x-amz-target,x-amz-user-agent,x-amz-version-id,x-amzn-requestid,x-localstack-target,amz-sdk-invocation-id,amz-sdk-request","etag,x-amz-version-id","Thu, 04 May 2023 15:59:54 GMT",hypercorn-h11,0
67,127.87.181.48,standard,PHFJ1MZ8JX38104IAADDT104RFDG7U5IB7WNSO2UBN8ZB19B5A1F,200,text/xml,272,close,*,"HEAD,GET,PUT,POST,DELETE,OPTIONS,PATCH","authorization,cache-control,content-length,content-md5,content-type,etag,location,x-amz-acl,x-amz-content-sha256,x-amz-date,x-amz-request-id,x-amz-security-token,x-amz-tagging,x-amz-target,x-amz-user-agent,x-amz-version-id,x-amzn-requestid,x-localstack-target,amz-sdk-invocation-id,amz-sdk-request","etag,x-amz-version-id","Thu, 04 May 2023 15:59:54 GMT",hypercorn-h11,0
68,127.15.44.204,standard,F6EIFH6ZCD5PC4W09ZUOXM8NG6T115T1IVCUDXYJ2HW938H4X61R,200,text/xml,272,close,*,"HEAD,GET,PUT,POST,DELETE,OPTIONS,PATCH","authorization,cache-control,content-length,content-md5,content-type,etag,location,x-amz-acl,x-amz-content-sha256,x-amz-date,x-amz-request-id,x-amz-security-token,x-amz-tagging,x-amz-target,x-amz-user-agent,x-amz-version-id,x-amzn-requestid,x-localstack-target,amz-sdk-invocation-id,amz-sdk-request","etag,x-amz-version-id","Thu, 04 May 2023 15:59:54 GMT",hypercorn-h11,0
69,127.7.144.184,standard,4J6XMT0LEWFBV0H5QQB22ON2LVKL1CZVKHAXAJPTA1EJSY7HGJD4,200,text/xml,272,close,*,"HEAD,GET,PUT,POST,DELETE,OPTIONS,PATCH","authorization,cache-control,content-length,content-md5,content-type,etag,location,x-amz-acl,x-amz-content-sha256,x-amz-date,x-amz-request-id,x-amz-security-token,x-amz-tagging,x-amz-target,x-amz-user-agent,x-amz-version-id,x-amzn-requestid,x-localstack-target,amz-sdk-invocation-id,amz-sdk-request","etag,x-amz-version-id","Thu, 04 May 2023 15:59:54 GMT",hypercorn-h11,0
70,127.248.255.211,standard,A8SY4O17QXBOQ73RK8L53Q4UOBVI017BEUTB291QE3X8VX7Z9DB0,200,text/xml,274,close,*,"HEAD,GET,PUT,POST,DELETE,OPTIONS,PATCH","authorization,cache-control,content-length,content-md5,content-type,etag,location,x-amz-acl,x-amz-content-sha256,x-amz-date,x-amz-request-id,x-amz-security-token,x-amz-tagging,x-amz-target,x-amz-user-agent,x-amz-version-id,x-amzn-requestid,x-localstack-target,amz-sdk-invocation-id,amz-sdk-request","etag,x-amz-version-id","Thu, 04 May 2023 15:59:54 GMT",hypercorn-h11,0
71,127.24.233.12,standard,TB0DURWQ69257Z6CLH0FHAN2CD3L6JQ7B3H2LOSNVTW01FPJKADR,200,text/xml,272,close,*,"HEAD,GET,PUT,POST,DELETE,OPTIONS,PATCH","authorization,cache-control,content-length,content-md5,content-type,etag,location,x-amz-acl,x-amz-content-sha256,x-amz-date,x-amz-request-id,x-amz-security-token,x-amz-tagging,x-amz-target,x-amz-user-agent,x-amz-version-id,x-amzn-requestid,x-localstack-target,amz-sdk-invocation-id,amz-sdk-request","etag,x-amz-version-id","Thu, 04 May 2023 15:59:54 GMT",hypercorn-h11,0
72,127.64.227.220,standard,KUKBKQX35KI66MSYTK7P7X1ER65QV6QUYGFUTBDCHF23S367Q3N6,200,text/xml,273,close,*,"HEAD,GET,PUT,POST,DELETE,OPTIONS,PATCH","authorization,cache-control,content-length,content-md5,content-type,etag,location,x-amz-acl,x-amz-content-sha256,x-amz-date,x-amz-request-id,x-amz-security-token,x-amz-tagging,x-amz-target,x-amz-user-agent,x-amz-version-id,x-amzn-requestid,x-localstack-target,amz-sdk-invocation-id,amz-sdk-request","etag,x-amz-version-id","Thu, 04 May 2023 15:59:54 GMT",hypercorn-h11,0
73,127.119.28.97,standard,J31WII0ADKGJJBJMV8O9D51RA2LC2HL6LB6AXXMEQ4F0J7SLNZYN,200,text/xml,272,close,*,"HEAD,GET,PUT,POST,DELETE,OPTIONS,PATCH","authorization,cache-control,content-length,content-md5,content-type,etag,location,x-amz-acl,x-amz-content-sha256,x-amz-date,x-amz-request-id,x-amz-security-token,x-amz-tagging,x-amz-target,x-amz-user-agent,x-amz-version-id,x-amzn-requestid,x-localstack-target,amz-sdk-invocation-id,amz-sdk-request","etag,x-amz-version-id","Thu, 04 May 2023 15:59:54 GMT",hypercorn-h11,0
74,127.27.52.51,standard,VUTMJX1C4KJJPROBDVLHD9GHIGVNCG9CR0A06G72TIE4XSCZ98AK,200,text/xml,271,close,*,"HEAD,GET,PUT,POST,DELETE,OPTIONS,PATCH","authorization,cache-control,content-length,content-md5,content-type,etag,location,x-amz-acl,x-amz-content-sha256,x-amz-date,x-amz-request-id,x-amz-security-token,x-amz-tagging,x-amz-target,x-amz-user-agent,x-amz-version-id,x-amzn-requestid,x-localstack-target,amz-sdk-invocation-id,amz-sdk-request","etag,x-amz-version-id","Thu, 04 May 2023 15:59:54 GMT",hypercorn-h11,0
75,127.214.176.112,standard,GNJKGPKTM2CYGIK1LWTL3H0ETYOURKO7RJMCQ9WA54E4DD9ESNHW,200,text/xml,274,close,*,"HEAD,GET,PUT,POST,DELETE,OPTIONS,PATCH","authorization,cache-control,content-length,content-md5,content-type,etag,location,x-amz-acl,x-amz-content-sha256,x-amz-date,x-amz-request-id,x-amz-security-token,x-amz-tagging,x-amz-target,x-amz-user-agent,x-amz-version-id,x-amzn-requestid,x-localstack-target,amz-sdk-invocation-id,amz-sdk-request","etag,x-amz-version-id","Thu, 04 May 2023 15:59:54 GMT",hypercorn-h11,0
76,127.230.100.6,standard,EH4DBUJZG8NBUSZUNFFANOB5PEAD5S2KVSCGHZ72KZKH29RXV9G5,200,text/xml,272,close,*,"HEAD,GET,PUT,POST,DELETE,OPTIONS,PATCH","authorization,cache-control,content-length,content-md5,content-type,etag,location,x-amz-acl,x-amz-content-sha256,x-amz-date,x-amz-request-id,x-amz-security-token,x-amz-tagging,x-amz-target,x-amz-user-agent,x-amz-version-id,x-amzn-requestid,x-localstack-target,amz-sdk-invocation-id,amz-sdk-request","etag,x-amz-version-id","Thu, 04 May 2023 15:59:54 GMT",hypercorn-h11,0
77,127.96.101.80,standard,YPUG13L8JOUTWBZ274WA1QL2TZ4ZMBBFZTKRA2FHVN6WNA24ICJV,200,text/xml,272,close,*,"HEAD,GET,PUT,POST,DELETE,OPTIONS,PATCH","authorization,cache-control,content-length,content-md5,content-type,etag,location,x-amz-acl,x-amz-content-sha256,x-amz-date,x-amz-request-id,x-amz-security-token,x-amz-tagging,x-amz-target,x-amz-user-agent,x-amz-version-id,x-amzn-requestid,x-localstack-target,amz-sdk-invocation-id,amz-sdk-request","etag,x-amz-version-id","Thu, 04 May 2023 15:59:54 GMT",hypercorn-h11,0
78,127.2.126.111,standard,MHWN018KV9NS7OCER93XKC2PULWAT82XJ4C3FOI8AY4BUGTYML2X,200,text/xml,272,close,*,"HEAD,GET,PUT,POST,DELETE,OPTIONS,PATCH","authorization,cache-control,content-length,content-md5,content-type,etag,location,x-amz-acl,x-amz-content-sha256,x-amz-date,x-amz-request-id,x-amz-security-token,x-amz-tagging,x-amz-target,x-amz-user-agent,x-amz-version-id,x-amzn-requestid,x-localstack-target,amz-sdk-invocation-id,amz-sdk-request","etag,x-amz-version-id","Thu, 04 May 2023 15:59:54 GMT",hypercorn-h11,0
79,127.149.102.238,standard,5LKHBRLSDFHFJ99FDJEA68NK9H7GSTT437YOL884SZKSSGT6J27W,200,text/xml,274,close,*,"HEAD,GET,PUT,POST,DELETE,OPTIONS,PATCH","authorization,cache-control,content-length,content-md5,content-type,etag,location,x-amz-acl,x-amz-content-sha256,x-amz-date,x-amz-request-id,x-amz-security-token,x-amz-tagging,x-amz-target,x-amz-user-agent,x-amz-version-id,x-amzn-requestid,x-localstack-target,amz-sdk-invocation-id,amz-sdk-request","etag,x-amz-version-id","Thu, 04 May 2023 15:59:54 GMT",hypercorn-h11,0
80,127.162.73.8,standard,W0SRBUW37WDQNZ54M0INS6F1Y2EP2REKCR2YT1LMK12JKUAPD5HK,200,text/xml,271,close,*,"HEAD,GET,PUT,POST,DELETE,OPTIONS,PATCH","authorization,cache-control,content-length,content-md5,content-type,etag,location,x-amz-acl,x-amz-content-sha256,x-amz-date,x-amz-request-id,x-amz-security-token,x-amz-tagging,x-amz-target,x-amz-user-agent,x-amz-version-id,x-amzn-requestid,x-localstack-target,amz-sdk-invocation-id,amz-sdk-request","etag,x-amz-version-id","Thu, 04 May 2023 15:59:54 GMT",hypercorn-h11,0
81,127.122.125.243,standard,HQFG3X4LEZLPG11B5D6B4L47M5SR6Q9NVAYE8U3CYNUGYQFLZLX6,200,text/xml,274,close,*,"HEAD,GET,PUT,POST,DELETE,OPTIONS,PATCH","authorization,cache-control,content-length,content-md5,content-type,etag,location,x-amz-acl,x-amz-content-sha256,x-amz-date,x-amz-request-id,x-amz-security-token,x-amz-tagging,x-amz-target,x-amz-user-agent,x-amz-version-id,x-amzn-requestid,x-localstack-target,amz-sdk-invocation-id,amz-sdk-request","etag,x-amz-version-id","Thu, 04 May 2023 15:59:54 GMT",hypercorn-h11,0
82,127.37.43.103,standard,D3CW9RLRUJIDHC1NXHUFHC7S8BKP4K3CYMXAYUX5NZ523WHX24HH,200,text/xml,272,close,*,"HEAD,GET,PUT,POST,DELETE,OPTIONS,PATCH","authorization,cache-control,content-length,content-md5,content-type,etag,location,x-amz-acl,x-amz-content-sha256,x-amz-date,x-amz-request-id,x-amz-security-token,x-amz-tagging,x-amz-target,x-amz-user-agent,x-amz-version-id,x-amzn-requestid,x-localstack-target,amz-sdk-invocation-id,amz-sdk-request","etag,x-amz-version-id","Thu, 04 May 2023 15:59:54 GMT",hypercorn-h11,0
83,127.237.186.80,standard,N297DALPGJ7XMNMTAZ4I8CK7ZRVHHQ38K0UPJ0W9YW8CXE1M0IIO,200,text/xml,273,close,*,"HEAD,GET,PUT,POST,DELETE,OPTIONS,PATCH","authorization,cache-control,content-length,content-md5,content-type,etag,location,x-amz-acl,x-amz-content-sha256,x-amz-date,x-amz-request-id,x-amz-security-token,x-amz-tagging,x-amz-target,x-amz-user-agent,x-amz-version-id,x-amzn-requestid,x-localstack-target,amz-sdk-invocation-id,amz-sdk-request","etag,x-amz-version-id","Thu, 04 May 2023 15:59:54 GMT",hypercorn-h11,0
84,127.109.118.66,standard,BRI12JR64RS7M0B0JIQ7ZYE4RREC5UTF0NB1EVUIAHXBKIIHH8TN,200,text/xml,273,close,*,"HEAD,GET,PUT,POST,DELETE,OPTIONS,PATCH","authorization,cache-control,content-length,content-md5,content-type,etag,location,x-amz-acl,x-amz-content-sha256,x-amz-date,x-amz-request-id,x-amz-security-token,x-amz-tagging,x-amz-target,x-amz-user-agent,x-amz-version-id,x-amzn-requestid,x-localstack-target,amz-sdk-invocation-id,amz-sdk-request","etag,x-amz-version-id","Thu, 04 May 2023 15:59:54 GMT",hypercorn-h11,0
85,127.109.118.66,standard,BRI12JR64RS7M0B0JIQ7ZYE4RREC5UTF0NB1EVUIAHXBKIIHH8TN,200,text/xml,273,close,*,"HEAD,GET,PUT,POST,DELETE,OPTIONS,PATCH","authorization,cache-control,content-length,content-md5,content-type,etag,location,x-amz-acl,x-amz-content-sha256,x-amz-date,x-amz-request-id,x-amz-security-token,x-amz-tagging,x-amz-target,x-amz-user-agent,x-amz-version-id,x-amzn-requestid,x-localstack-target,amz-sdk-invocation-id,amz-sdk-request","etag,x-amz-version-id","Thu, 04 May 2023 15:59:54 GMT",hypercorn-h11,0
